{
    "NCDRC": [
        "NCDRC"
    ],
    "Andaman Nicobar": [
        "StateCommission",
        "Andaman"
    ],
    "Andhra Pradesh": [
        "StateCommission",
        "Anantapur",
        "Chittoor",
        "Chittoor-II at triputi",
        "Cuddapah",
        "East Godavari",
        "East Godwari-II at Rajahmundry",
        "Guntur",
        "Krishna at Machiliptnam",
        "Krishna at Vijaywada",
        "Kurnool",
        "Nellore",
        "Prakasam",
        "Srikakulam",
        "Visakhapatnam",
        "Visakhapatnam-II",
        "Vizianagaram",
        "West Godavari"
    ],
    "Arunachal Pradesh": [
        "StateCommission",
        "Anjaw",
        "Changlang",
        "Dibang Valley",
        "East Kameng",
        "East Siang",
        "Kurung Kumey",
        "Lohit",
        "Lower Dibang Valley",
        "Lower Subansiri",
        "Papum Pare ",
        "Tawang",
        "Tirap",
        "Upper Siang",
        "Upper Subansiri",
        "West Kameng",
        "West Siang"
    ],
    "Assam": [
        "StateCommission",
        "Barpeta",
        "Bongaigaon",
        "Cachar ",
        "Darrang",
        "Dhemaji",
        "Dhubri",
        "Dibrugarh",
        "Goalpara",
        "Golaghat",
        "Hailakandi",
        "Jorhat",
        "Kamrup",
        "Karbi Anglong",
        "Karimganj",
        "Kokrajhar",
        "Lakhimpur",
        "Marigaon",
        "Nagaon",
        "Nalbari",
        "North Cachar Hills",
        "Sibsagar",
        "Sonitpur",
        "Tinsukia"
    ],
    "Bihar": [
        "StateCommission",
        "Araria",
        "Aurangabad",
        "Banka",
        "Begusarai",
        "Bhagalpur",
        "Bhojpur",
        "Buxar",
        "Darbhanga",
        "Gaya",
        "Gopalgang",
        "Jamui",
        "Jehanabad",
        "Kaimur(Bhabua)",
        "Katihar",
        "Khagaria",
        "Kishangang",
        "Lakhisarai",
        "Madhepura",
        "Madhubani",
        "Munger",
        "Muzaffarpur",
        "Nalanda",
        "Nawada",
        "Pashchim Champaran",
        "Patna",
        "Purnia ",
        "Purvi champaran",
        "Rohtas",
        "Saharsa",
        "Samastipur",
        "Saran",
        "Sheikhpura",
        "Sheohar",
        "Sitamarhi",
        "Siwan",
        "Supaul",
        "Vaishali"
    ],
    "Chandigarh": [
        "StateCommission",
        "DF-I",
        "DF-II"
    ],
    "Chhattisgarh": [
        "StateCommission",
        "Baster",
        "Bilaspur",
        "Dantewada",
        "Dhamtari",
        "Durg",
        "Janjgir-Champa",
        "Jashpur",
        "Kanker",
        "Kawardha",
        "Korba",
        "Koriya",
        "Mahasamund",
        "Raigarh",
        "Raipur",
        "Rajnandgaon",
        "Surguja"
    ],
    "Circuit Bench Amravati": [
        "StateCommission"
    ],
    "Circuit Bench Asansol": [
        "StateCommission"
    ],
    "Circuit Bench Aurangabad": [
        "StateCommission"
    ],
    "Circuit Bench Bikaner": [
        "StateCommission"
    ],
    "Circuit Bench Jodhpur": [
        "StateCommission"
    ],
    "Circuit Bench Kohlapur": [
        "StateCommission"
    ],
    "Circuit Bench Kota": [
        "StateCommission"
    ],
    "Circuit Bench Madurai": [
        "StateCommission"
    ],
    "Circuit Bench Nagpur": [
        "StateCommission"
    ],
    "Circuit Bench Nashik": [
        "StateCommission"
    ],
    "Circuit Bench Pune": [
        "StateCommission"
    ],
    "Circuit Bench Siliguri": [
        "StateCommission"
    ],
    "Circuit Bench Udaipur": [
        "StateCommission"
    ],
    "Dadra and  Nagar Haveli": [
        "StateCommission",
        "Silvassa"
    ],
    "Daman and Diu": [
        "StateCommission",
        "Daman",
        "Diu"
    ],
    "Delhi": [
        "StateCommission",
        "Central Delhi",
        "East Delhi",
        "New Delhi",
        "North",
        "North East",
        "North West",
        "South Delhi",
        "South II",
        "South West",
        "West  Delhi"
    ],
    "Goa": [
        "StateCommission",
        "North Goa",
        "South Goa"
    ],
    "Gujarat": [
        "StateCommission",
        "Ahmedabad Addl",
        "Ahmedabad City",
        "Ahmedabad Rural",
        "Amreli ",
        "Anand",
        "Banas Kantha",
        "Bharuch",
        "Bhavnagar",
        "Dohad",
        "Gandhinagar",
        "Jamnagar",
        "Junagadh",
        "Kachchh",
        "Kheda ",
        "Mahesana",
        "Narmada",
        "Navsari",
        "Panch Mahals",
        "Patan",
        "Porbandar",
        "Rajkot",
        "Rajkot Addl",
        "Sabar kantha",
        "Surat",
        "Surat Addl",
        "Surendranagar",
        "The Dangs",
        "Vadodara",
        "Vadodra Addl",
        "Valsad"
    ],
    "Haryana": [
        "StateCommission",
        "Ambala",
        "Bhiwani",
        "Faridabad",
        "Fatehabad",
        "Gurgaon",
        "Hisar",
        "Jhajjar",
        "Jind",
        "Kaithal",
        "Karnal",
        "Kurukshetra",
        "Mahendragarh",
        "Mewat",
        "Palwal",
        "Panchkula",
        "Panipat",
        "Rewari",
        "Rohtak",
        "Sirsa",
        "Sonipat",
        "Yamunanagar"
    ],
    "Himachal Pradesh": [
        "StateCommission",
        "Kangra",
        "Mandi",
        "Shimla",
        "Una"
    ],
    "Jammu and Kashmir": [
        "StateCommission",
        "Jammu",
        "Srinagar"
    ],
    "Jharkhand": [
        "StateCommission",
        "Bokaro",
        "Chatra",
        "Deoghar",
        "Dhanbad",
        "Dumka",
        "Garhwa",
        "Giridih",
        "Godda",
        "Gumla",
        "Hazaribag",
        "Jamtara",
        "Kodarma",
        "Kunti",
        "Latehar",
        "Lohardaga",
        "Pakaur",
        "Palamu",
        "Pashchimi Singhbhum",
        "Purbi Singhbhum",
        "Ramgarh",
        "Ranchi",
        "Sahibganj",
        "Sareikela",
        "Simdega"
    ],
    "Karnataka": [
        "StateCommission",
        "Bagalkot",
        "Bangalore 1st & Rural Additional",
        "Bangalore 2nd Additional",
        "Bangalore 3rd Additional",
        "Bangalore 4th Additional",
        "Bangalore Urban",
        "Belgaum",
        "Bellary",
        "Bidar",
        "Bijapur",
        "Chamrajnagar",
        "Chikmagalur",
        "Chitradurga",
        "Dakshina Kannada",
        "Davangere",
        "Dharwad",
        "Gadag",
        "Gulbarga",
        "Hassan",
        "Haveri",
        "Kodagu",
        "Kolar",
        "Koppal",
        "Mandya",
        "Mysore",
        "Raichur",
        "Shimoga",
        "Tumkur",
        "Udupi",
        "Uttara Kannda",
        "Yadagiri"
    ],
    "Kerala": [
        "StateCommission",
        "Alappuzha",
        "Ernakulam",
        "Idukki",
        "Kannur",
        "Kasaragod",
        "Kollam",
        "Kottayam",
        "Kozhikode",
        "Malappuram",
        "Palakkad",
        "Pathanamthitta",
        "Thiruvananthapuram",
        "Trissur",
        "Wayanad"
    ],
    "Lakshadweep": [
        "StateCommission",
        "Lakshadweep"
    ],
    "Madhya Pradesh": [
        "StateCommission",
        "Balaghat",
        "Barwani",
        "Betul",
        "Bhind",
        "Bhopal",
        "Bhopal-II",
        "Chhatarpur",
        "Chhindwara",
        "Damoh",
        "Datia",
        "Dewas",
        "Dhar",
        "Dindori",
        "East Nimar",
        "Guna",
        "Gwalior",
        "Harda",
        "Hoshangabad",
        "Indore",
        "Indore-II",
        "Jabalpur",
        "Jabalpur-II",
        "Jhabua",
        "Katni",
        "Mandla",
        "Mandleshwar",
        "Mandsaur",
        "Morena",
        "Narsimhapur",
        "Neemuch",
        "Panna",
        "Raisen",
        "Rajgarh",
        "Ratlam",
        "Rewa",
        "Sagar",
        "Satna",
        "Sehore",
        "Seoni",
        "Shahdol",
        "Shajapur",
        "Sheopur",
        "Shivpuri",
        "Sidhi",
        "Tikamgarh",
        "Ujjain",
        "Umaria",
        "Vidisha",
        "West Nimar"
    ],
    "Maharashtra": [
        "StateCommission",
        "Additional DCF, Mumbai(Suburban)",
        "Additional DCF, Nagpur",
        "Additional DCF, Pune",
        "Additional DCF, Thane",
        "Ahmednagar",
        "Akola",
        "Amravati",
        "Aurangabad",
        "Beed",
        "Bhandara",
        "Buldana",
        "Central Mumbai",
        "Chandrapur",
        "DCF, South Mumbai",
        "Dhule",
        "Gadchiroli",
        "Gondia",
        "Hingoli",
        "Jalgaon",
        "Jalna",
        "Kolhapur",
        "Latur",
        "Mumbai(Suburban)",
        "Nagpur",
        "Nanded",
        "Nandurbar",
        "Nashik",
        "Osmanabad",
        "Parbhani",
        "Pune",
        "Raigad",
        "Ratnagiri",
        "Sangli",
        "Satara",
        "Sindhudurg",
        "Solapur",
        "Thane",
        "Wardha",
        "Washim",
        "Yavatmal"
    ],
    "Manipur": [
        "StateCommission",
        "Bishnupur",
        "Imphal",
        "Thoubal"
    ],
    "Meghalaya": [
        "StateCommission",
        "East Garo Hills",
        "East Khasi Hills ",
        "Jainita Hills",
        "Ri Bhoi",
        "South Garo Hills  ",
        "West Garo Hills",
        "West Khasi Hills"
    ],
    "Mizoram": [
        "StateCommission",
        "Aizawl",
        "Champhai",
        "Kolasib",
        "Lawntlai",
        "Lunglei",
        "Mamit",
        "Saiha",
        "Serchhip"
    ],
    "Nagaland": [
        "StateCommission",
        "Dimapur",
        "Kohima",
        "Mokokchung",
        "Mon",
        "Phek",
        "Tuensang",
        "Wokha",
        "Zunheboto"
    ],
    "Orissa": [
        "StateCommission",
        "Anugul",
        "Balangir",
        "Baleshwar",
        "Bargarh",
        "Baudh",
        "Bhadrak",
        "Cuttak",
        "Debagarh",
        "Dhenkanal",
        "Gajapati",
        "Ganjam",
        "Jagatsinghapur",
        "Jajapur",
        "Jharsuguda",
        "Kalahandi",
        "Kandhamal",
        "Kendrapara",
        "Kendujhar",
        "Khordha",
        "Koraput",
        "Malkangiri",
        "Mayurbhanj",
        "Nabarangapur",
        "Nayagarh",
        "Nuapada",
        "Puri",
        "Rayagada",
        "Sambalpur",
        "Sonapur",
        "Sundargarh",
        "Sundargarh II"
    ],
    "Pondicherry": [
        "StateCommission",
        "Pondicherry"
    ],
    "Punjab": [
        "StateCommission",
        "Amritsar",
        "Barnala",
        "Bhatinda",
        "Faridkot",
        "Fatehgarh Sahib",
        "Firozpur",
        "Gurdaspur",
        "Hoshiarpur",
        "Jalandhar",
        "Kapurthala",
        "Ludhiana",
        "Mansa",
        "Moga",
        "Muktsar",
        "Nawanshahr",
        "Patiala",
        "Rupnagar",
        "SAS Nagar Mohali",
        "Sangrur",
        "Tarn Taran"
    ],
    "Rajasthan": [
        "StateCommission",
        "Ajmer",
        "Alwar",
        "Banswara",
        "Baran",
        "Barmer",
        "Bharatpur",
        "Bhilwara",
        "Bikaner",
        "Bundi",
        "Chittaurgarh",
        "Churu",
        "Dausa",
        "Dhaulpur",
        "Dungarpur",
        "Ganganagar",
        "Hanumangarh",
        "Jaipur-I",
        "Jaipur-II",
        "Jaipur-III",
        "Jaipur-IV",
        "Jaisalmer",
        "Jalor",
        "Jhalawar",
        "Jhunjhunun",
        "Jodhpur",
        "Jodhpur-II",
        "Karauli",
        "Kota",
        "Nagaur",
        "Pali",
        "Pratapgarh",
        "Rajsamand",
        "Sawai Madhopur",
        "Sikar",
        "Sirohi",
        "Tonk",
        "Udaipur"
    ],
    "Sikkim": [
        "StateCommission",
        "East",
        "North",
        "West",
        "south"
    ],
    "Srinagar Bench": [
        "StateCommission"
    ],
    "Tamil Nadu": [
        "StateCommission",
        "Ariyalur",
        "Coimbatore",
        "Cuddalore",
        "Dharmapuri",
        "Dindigul",
        "Erode",
        "Kancheepuram",
        "Kanyakumari",
        "Karur",
        "Madurai",
        "Nagapattinam",
        "Namakkal",
        "North Chennai",
        "Perambalur",
        "Pudukkottai",
        "Ramanathapuram",
        "Salem",
        "Sivaganga",
        "South Chennai",
        "Thanjavur",
        "The Nilgiris",
        "Theni",
        "Thiruvallur",
        "Thiruvarur",
        "Thoothukkudi",
        "Tiruchirapplli",
        "Tirunelveli",
        "Tiruvannamalai",
        "Vellore",
        "Viluppuram",
        "Virudhunagar"
    ],
    "Telangana": [
        "StateCommission",
        "Adilabad",
        "Hyderabad",
        "Hyderabad-II",
        "Hyderabad-III",
        "Karimnagar",
        "Khammam",
        "Mahbubnagar",
        "Medak",
        "Nalgonda",
        "Nizamabad",
        "Rangareddi",
        "Warangal"
    ],
    "Tripura": [
        "StateCommission",
        "Dhalai",
        "North Tripura",
        "South Tripura",
        "West Tripura"
    ],
    "Uttar Pradesh": [
        "StateCommission",
        "Agra-I",
        "Agra-II",
        "Aligarh",
        "Allahabad",
        "Ambedkar Nagar",
        "Amethi",
        "Auraiya",
        "Azamgarh",
        "Baghpat",
        "Bahraich",
        "Ballia",
        "Balrampur",
        "Banda",
        "Barabanki",
        "Bareilly-I",
        "Bareilly-II",
        "Basti",
        "Bijnor",
        "Budaun",
        "Bulandshahr",
        "Chanduali",
        "Chitrakoot",
        "Deoria",
        "Etah",
        "Etawah",
        "Faizabad",
        "Farrukhabad",
        "Fatehpur",
        "Firozabad",
        "Gautam Buddha Nagar",
        "Ghaziabad",
        "Ghazipur",
        "Gonda",
        "Gorakhpur",
        "Hamirpur",
        "Hapur",
        "Hardoi",
        "Hathras",
        "Jalaun",
        "Jaunpur",
        "Jhansi",
        "Jyotiba Phule Nagar",
        "Kannauj",
        "Kanpur Dehat",
        "Kanpur Nagar",
        "Kanshiram Nagar",
        "Kaushambi",
        "Kushinagar",
        "Lakhimpur Khiri",
        "Lalitpur",
        "Lucknow-I",
        "Lucknow-II",
        "Maharajganj",
        "Mahoba",
        "Mainpuri",
        "Mathura",
        "Mau",
        "Meerut",
        "Mirzapur",
        "Muradabad-I",
        "Muradabad-II",
        "Muzaffarnagar",
        "Pilibhit",
        "Pratapgarh",
        "Rae Bareli",
        "Rampur",
        "Saharanpur",
        "Sant Kabir Nagar",
        "Sant Ravidas Nagar",
        "Shahjahanpur",
        "Shambhal",
        "Shamli",
        "Shrawasti",
        "Siddharthnagar",
        "Sitapur",
        "Sonbhadra",
        "Sultanpur",
        "Unnao",
        "Varanasi"
    ],
    "Uttaranchal": [
        "StateCommission",
        "Almora",
        "Bageshwar",
        "Chamoli",
        "Champawat",
        "Dehradun",
        "Garhwal",
        "Hardwar",
        "Nainital",
        "Pithoragarh",
        "Rudraprayag",
        "Tehri Garhwal",
        "Udham Singh Nagar",
        "Uttarkashi"
    ],
    "West Bengal": [
        "StateCommission",
        "Alipurduar",
        "Bankura",
        "Birbhum",
        "Burdwan",
        "Cooch Behar",
        "Dakshin Dinajpur",
        "Darjeeling",
        "Hooghly",
        "Howrah",
        "Jalpaiguri",
        "Kolkata-I(North)",
        "Kolkata-II(Central)",
        "Kolkata-III(South)",
        "Maldah",
        "Murshidabad",
        "Nadia",
        "North 24 Parganas",
        "Paschim Midnapore",
        "Purba Midnapur",
        "Purulia",
        "Siliguri",
        "South 24 Parganas",
        "Uttar Dinajpur"
    ]
}
